id,link,topic
0,https://www.alodokter.com/ablasi-retina,Ablasi Retina
1,https://www.alodokter.com/abses-anus,Abses Anus
2,https://www.alodokter.com/abses-gigi,Abses Gigi
3,https://www.alodokter.com/abses-otak,Abses Otak
4,https://www.alodokter.com/abses-paru,Abses Paru
5,https://www.alodokter.com/abses-payudara,Abses Payudara
6,https://www.alodokter.com/achondroplasia,Achondroplasia
7,https://www.alodokter.com/solar-keratosis,Actinic Keratosis (Solar Keratosis)
8,https://www.alodokter.com/acute-respiratory-distress-syndrome,Acute Respiratory Distress Syndrome
9,https://www.alodokter.com/adenomiosis,Adenomiosis
10,https://www.alodokter.com/adhd,ADHD
11,https://www.alodokter.com/afasia,Afasia
12,https://www.alodokter.com/agoraphobia,Agoraphobia
13,https://www.alodokter.com/agranulositosis,Agranulositosis
14,https://www.alodokter.com/akalasia,Akalasia
15,https://www.alodokter.com/akantosis-nigrikans,Akantosis Nigrikans
16,https://www.alodokter.com/akromegali,Akromegali
17,https://www.alodokter.com/aktinomikosis,Aktinomikosis
18,https://www.alodokter.com/albinisme,Albinisme
19,https://www.alodokter.com/alergi,Alergi
20,https://www.alodokter.com/alergi-dingin,Alergi Dingin
21,https://www.alodokter.com/alergi-kacang,Alergi Kacang
22,https://www.alodokter.com/alergi-makanan,Alergi Makanan
23,https://www.alodokter.com/alergi-obat,Alergi Obat
24,https://www.alodokter.com/alergi-susu,Alergi Susu
25,https://www.alodokter.com/alergi-telur,Alergi Telur
26,https://www.alodokter.com/alkalosis,Alkalosis
27,https://www.alodokter.com/alkaptonuria,Alkaptonuria
28,https://www.alodokter.com/alopecia-areata,Alopecia Areata
29,https://www.alodokter.com/altitude-sickness,Altitude Sickness
30,https://www.alodokter.com/ambeien,Ambeien
31,https://www.alodokter.com/ambiguous-genitalia,Ambiguous Genitalia
32,https://www.alodokter.com/amebiasis,Amebiasis
33,https://www.alodokter.com/amenorrhea,Amenorrhea
34,https://www.alodokter.com/amiloidosis,Amiloidosis
35,https://www.alodokter.com/amnesia,Amnesia
36,https://www.alodokter.com/amputasi,Amputasi
37,https://www.alodokter.com/penyakit-lou-gehrig,Amyotrophic Lateral Sclerosis (ALS)
38,https://www.alodokter.com/anemia,Anemia
39,https://www.alodokter.com/anemia-aplastik,Anemia Aplastik
40,https://www.alodokter.com/anemia-defisiensi-besi,Anemia Defisiensi Besi
41,https://www.alodokter.com/anemia-defisiensi-vitamin-b12-dan-folat,Anemia Defisiensi Vitamin B12 dan Folat
42,https://www.alodokter.com/anemia-hemolitik,Anemia Hemolitik
43,https://www.alodokter.com/anemia-sel-sabit,Anemia Sel Sabit
44,https://www.alodokter.com/aneurisma-aorta,Aneurisma Aorta
45,https://www.alodokter.com/aneurisma-otak,Aneurisma Otak
46,https://www.alodokter.com/angin-duduk,Angin Duduk
47,https://www.alodokter.com/angina-pektoris,Angina Pektoris
48,https://www.alodokter.com/angioedema,Angioedema
49,https://www.alodokter.com/ankylosing-spondylitis,Ankylosing Spondylitis
50,https://www.alodokter.com/anoreksia-nervosa,Anoreksia Nervosa
51,https://www.alodokter.com/anosmia,Anosmia
52,https://www.alodokter.com/anthrax,Anthrax
53,https://www.alodokter.com/anus-gatal,Anus Gatal
54,https://www.alodokter.com/aritmia,Aritmia
55,https://www.alodokter.com/arteriosklerosis,Arteriosklerosis
56,https://www.alodokter.com/asbestosis,Asbestosis
57,https://www.alodokter.com/ascariasis,Ascariasis
58,https://www.alodokter.com/asidosis-metabolik-dan-respiratorik,Asidosis (Metabolik dan Respiratorik)
59,https://www.alodokter.com/asites,Asites
60,https://www.alodokter.com/asma,Asma
61,https://www.alodokter.com/aspergillosis,Aspergillosis
62,https://www.alodokter.com/aspirasi-mekonium,Aspirasi Mekonium
63,https://www.alodokter.com/astigmatisme,Astigmatisme
64,https://www.alodokter.com/ataksia,Ataksia
65,https://www.alodokter.com/ataksia-friedreich,Ataksia Friedreich
66,https://www.alodokter.com/atelektasis,Atelektasis
67,https://www.alodokter.com/aterosklerosis,Aterosklerosis
68,https://www.alodokter.com/atresia-ani,Atresia Ani
69,https://www.alodokter.com/atresia-bilier,Atresia Bilier
70,https://www.alodokter.com/fibrilasi-atrium,Atrial Fibrilasi
71,https://www.alodokter.com/atrofi-otot,Atrofi Otot
72,https://www.alodokter.com/auditory-processing-disorder,Auditory Processing Disorder
73,https://www.alodokter.com/autisme,Autisme
74,https://www.alodokter.com/avascular-necrosis,Avascular Necrosis
75,https://www.alodokter.com/bab-berdarah,BAB Berdarah
76,https://www.alodokter.com/bakteremia,Bakteremia
77,https://www.alodokter.com/balanitis,Balanitis
78,https://www.alodokter.com/barotrauma,Barotrauma
79,https://www.alodokter.com/batu-empedu,Batu Empedu
80,https://www.alodokter.com/batu-ginjal,Batu Ginjal
81,https://www.alodokter.com/batu-kandung-kemih,Batu Kandung Kemih
82,https://www.alodokter.com/batuk-batuk,Batuk
83,https://www.alodokter.com/batuk-darah,Batuk Berdarah
84,https://www.alodokter.com/batuk-kronis,Batuk Kronis
85,https://www.alodokter.com/batuk-pilek,Batuk Pilek
86,https://www.alodokter.com/batuk-rejan,Batuk Rejan
87,https://www.alodokter.com/bau-mulut-halitosis,Bau Mulut (Halitosis)
88,https://www.alodokter.com/bells-palsy,Bell&#39;s Palsy
89,https://www.alodokter.com/benjolan-payudara,Benjolan Payudara
90,https://www.alodokter.com/berat-badan-berlebih,Berat Badan Berlebih
91,https://www.alodokter.com/berat-badan-lahir-rendah,Berat Badan Lahir Rendah
92,https://www.alodokter.com/bercak-mongol,Bercak Mongol
93,https://www.alodokter.com/biang-keringat,Biang Keringat
94,https://www.alodokter.com/bibir-sumbing,Bibir Sumbing
95,https://www.alodokter.com/bidai-tulang-kering,Bidai Tulang Kering
96,https://www.alodokter.com/biduran,Biduran
97,https://www.alodokter.com/binge-eating-disorder,Binge Eating Disorder
98,https://www.alodokter.com/bintitan,Bintitan
99,https://www.alodokter.com/bisul,Bisul
100,https://www.alodokter.com/blefaritis,Blefaritis
101,https://www.alodokter.com/blighted-ovum,Blighted Ovum
102,https://www.alodokter.com/gangguan-dismorfik-tubuh,Body Dysmorphic Disorder
103,https://www.alodokter.com/botak,Botak
104,https://www.alodokter.com/botulisme,Botulisme
105,https://www.alodokter.com/bpd-borderline-personality-disorder,BPD (Borderline Personality Disorder)
106,https://www.alodokter.com/bph-benign-prostatic-hyperplasia,BPH (Benign Prostatic Hyperplasia)
107,https://www.alodokter.com/bradikardia,Bradikardia
108,https://www.alodokter.com/bronkiektasis,Bronkiektasis
109,https://www.alodokter.com/bronkiolitis,Bronkiolitis
110,https://www.alodokter.com/bronkitis,Bronkitis
111,https://www.alodokter.com/bronkitis-akut,Bronkitis Akut
112,https://www.alodokter.com/bronkitis-kronis,Bronkitis Kronis
113,https://www.alodokter.com/bronkopneumonia,Bronkopneumonia
114,https://www.alodokter.com/brucellosis,Brucellosis
115,https://www.alodokter.com/bruxism,Bruxism
116,https://www.alodokter.com/bulimia,Bulimia
117,https://www.alodokter.com/bunion,Bunion
118,https://www.alodokter.com/burkitt-lymphoma,Burkitt Lymphoma
119,https://www.alodokter.com/bursitis,Bursitis
120,https://www.alodokter.com/buta,Buta
121,https://www.alodokter.com/buta-warna,Buta Warna
122,https://www.alodokter.com/cacar-air,Cacar Air
123,https://www.alodokter.com/cacar-monyet,Cacar Monyet
124,https://www.alodokter.com/cacing-kremi,Cacing Kremi
125,https://www.alodokter.com/calcinosis-cutis,Calcinosis Cutis
126,https://www.alodokter.com/campak,Campak
127,https://www.alodokter.com/candidiasis,Candidiasis
128,https://www.alodokter.com/cantengan,Cantengan
129,https://www.alodokter.com/cedera-hamstring,Cedera Hamstring
130,https://www.alodokter.com/cedera-kepala,Cedera Kepala
131,https://www.alodokter.com/trauma-kepala-berat,Cedera Kepala Berat
132,https://www.alodokter.com/trauma-kepala-ringan,Cedera Kepala Ringan
133,https://www.alodokter.com/cedera-ligamen-lutut-anterior,Cedera Ligamen Lutut Anterior
134,https://www.alodokter.com/cedera-saraf-tulang-belakang,Cedera Saraf Tulang Belakang
135,https://www.alodokter.com/cegukan,Cegukan
136,https://www.alodokter.com/lumpuh-otak,Cerebral Palsy
137,https://www.alodokter.com/chancroid,Chancroid
138,https://www.alodokter.com/chikungunya,Chikungunya
139,https://www.alodokter.com/chlamydia,Chlamydia
140,https://www.alodokter.com/cholangiocarcinoma,Cholangiocarcinoma
141,https://www.alodokter.com/cholangitis,Cholangitis
142,https://www.alodokter.com/chronic-venous-insufficiency,Chronic Venous Insufficiency
143,https://www.alodokter.com/clubfoot,Clubfoot
144,https://www.alodokter.com/covid-19,COVID-19
145,https://www.alodokter.com/craniosynostosis,Craniosynostosis
146,https://www.alodokter.com/crohns-disease,Crohn&#39;s Disease
147,https://www.alodokter.com/croup,Croup
148,https://www.alodokter.com/crush-injury,Crush Injury
149,https://www.alodokter.com/cts-carpal-tunnel-syndrome,CTS (Carpal Tunnel Syndrome)
150,https://www.alodokter.com/cutaneous-larva-migrans,Cutaneous Larva Migrans
151,https://www.alodokter.com/cystic-fibrosis,Cystic Fibrosis
152,https://www.alodokter.com/cystitis,Cystitis
153,https://www.alodokter.com/cytomegalovirus,Cytomegalovirus
154,https://www.alodokter.com/de-quarvains-tenosynovitis,De Quervainâ€™s Tenosynovitis
155,https://www.alodokter.com/deep-vein-thrombosis,Deep Vein Thrombosis
156,https://www.alodokter.com/defisiensi-glukosa-6-fosfat-dehidrogenase,Defisiensi Glucose-6-Phosphate Dehydrogenase (G6PD)
157,https://www.alodokter.com/defisiensi-protein-c,Defisiensi Protein C
158,https://www.alodokter.com/defisiensi-vitamin-e,Defisiensi Vitamin E
159,https://www.alodokter.com/degenerasi-makula,Degenerasi Makula
160,https://www.alodokter.com/dehidrasi,Dehidrasi
161,https://www.alodokter.com/delirium,Delirium
162,https://www.alodokter.com/demam,Demam
163,https://www.alodokter.com/demam-berdarah,Demam Berdarah
164,https://www.alodokter.com/demam-kelenjar,Demam Kelenjar (Glandular Fever)
165,https://www.alodokter.com/demam-kuning,Demam Kuning
166,https://www.alodokter.com/demam-pada-anak,Demam pada Anak
167,https://www.alodokter.com/demam-reumatik,Demam Rematik
168,https://www.alodokter.com/demam-scarlet,Demam Scarlet
169,https://www.alodokter.com/demensia,Demensia
170,https://www.alodokter.com/depresi,Depresi
171,https://www.alodokter.com/eksim-atopik,Dermatitis Atopik
172,https://www.alodokter.com/dermatitis-kontak,Dermatitis Kontak
173,https://www.alodokter.com/dermatitis-numularis,Dermatitis Numularis
174,https://www.alodokter.com/dermatitis-seboroik,Dermatitis Seboroik
175,https://www.alodokter.com/dermatofibrosarkoma-protuberans,Dermatofibrosarkoma Protuberans
176,https://www.alodokter.com/dermatographia,Dermatographia
177,https://www.alodokter.com/dermatomiositis,Dermatomiositis
178,https://www.alodokter.com/diabetes,Diabetes
179,https://www.alodokter.com/diabetes-gestasional,Diabetes Gestasional
180,https://www.alodokter.com/diabetes-insipidus,Diabetes Insipidus
181,https://www.alodokter.com/diabetes-tipe-1,Diabetes Tipe 1
182,https://www.alodokter.com/diabetes-tipe-2,Diabetes Tipe 2
183,https://www.alodokter.com/diare,Diare
184,https://www.alodokter.com/diare-kronis,Diare Kronis
185,https://www.alodokter.com/difteri,Difteri
186,https://www.alodokter.com/disartria,Disartria
187,https://www.alodokter.com/diseksi-aorta,Diseksi Aorta
188,https://www.alodokter.com/disentri,Disentri
189,https://www.alodokter.com/disfagia,Disfagia
190,https://www.alodokter.com/disfungsi-seksual,Disfungsi Seksual
191,https://www.alodokter.com/disleksia,Disleksia
192,https://www.alodokter.com/dislokasi,Dislokasi
193,https://www.alodokter.com/dislokasi-bahu,Dislokasi Bahu
194,https://www.alodokter.com/nyeri-haid,Dismenore
195,https://www.alodokter.com/dispareunia,Dispareunia
196,https://www.alodokter.com/distrofi-otot,Distrofi Otot
197,https://www.alodokter.com/divertikulitis,Divertikulitis
198,https://www.alodokter.com/sindrom-down,Down Syndrome
199,https://www.alodokter.com/dry-socket,Dry Socket
200,https://www.alodokter.com/dwarfisme,Dwarfisme
201,https://www.alodokter.com/dyspraxia,Dyspraxia
202,https://www.alodokter.com/dystonia,Dystonia
203,https://www.alodokter.com/e-book-covid-19,E-Book COVID-19
204,https://www.alodokter.com/e-coli,E. coli
205,https://www.alodokter.com/ebola,Ebola
206,https://www.alodokter.com/edema,Edema
207,https://www.alodokter.com/edema-paru,Edema Paru
208,https://www.alodokter.com/efusi-perikardium,Efusi Perikardium
209,https://www.alodokter.com/efusi-pleura,Efusi Pleura
210,https://www.alodokter.com/ejakulasi-dini,Ejakulasi Dini
211,https://www.alodokter.com/eklamsia,Eklamsia
212,https://www.alodokter.com/emboli,Emboli
213,https://www.alodokter.com/emboli-paru,Emboli Paru
214,https://www.alodokter.com/emfisema,Emfisema
215,https://www.alodokter.com/empiema,Empiema
216,https://www.alodokter.com/endoftalmitis,Endoftalmitis
217,https://www.alodokter.com/endokarditis,Endokarditis
218,https://www.alodokter.com/endometriosis,Endometriosis
219,https://www.alodokter.com/ensefalopati,Ensefalopati
220,https://www.alodokter.com/entropion,Entropion
221,https://www.alodokter.com/enuresis,Enuresis
222,https://www.alodokter.com/epidermolisis-bulosa,Epidermolisis Bulosa
223,https://www.alodokter.com/epididimitis,Epididimitis
224,https://www.alodokter.com/epidural-hematoma,Epidural Hematoma
225,https://www.alodokter.com/epiglotitis,Epiglotitis
226,https://www.alodokter.com/epilepsi,Epilepsi
227,https://www.alodokter.com/episkleritis,Episkleritis
228,https://www.alodokter.com/eritema-multiformis,Eritema Multiformis
229,https://www.alodokter.com/esofagitis,Esofagitis
230,https://www.alodokter.com/kanker-sarkoma-ewing,Ewing&#39;s Sarcoma
231,https://www.alodokter.com/faringitis,Faringitis
232,https://www.alodokter.com/fenilketonuria,Fenilketonuria
233,https://www.alodokter.com/fetal-alcohol-syndrome,Fetal Alcohol Syndrome
234,https://www.alodokter.com/gawat-janin,Fetal Distress (Gawat Janin)
235,https://www.alodokter.com/fibroadenoma,Fibroadenoma
236,https://www.alodokter.com/fibromyalgia,Fibromyalgia
237,https://www.alodokter.com/fibrosis-paru,Fibrosis Paru
238,https://www.alodokter.com/fimosis,Fimosis
239,https://www.alodokter.com/fistula-ani,Fistula Ani
240,https://www.alodokter.com/fisura-ani,Fisura Ani
241,https://www.alodokter.com/flek-hitam,Flek Hitam
242,https://www.alodokter.com/floaters,Floaters
243,https://www.alodokter.com/flu,Flu
244,https://www.alodokter.com/flu-babi,Flu Babi
245,https://www.alodokter.com/flu-burung,Flu Burung
246,https://www.alodokter.com/flu-singapura,Flu Singapura
247,https://www.alodokter.com/fobia,Fobia
248,https://www.alodokter.com/gangguan-kecemasan-sosial,Fobia Sosial
249,https://www.alodokter.com/folikulitis,Folikulitis
250,https://www.alodokter.com/frozen-shoulder,Frozen Shoulder
251,https://www.alodokter.com/gagal-ginjal-akut,Gagal Ginjal Akut
252,https://www.alodokter.com/gagal-ginjal-kronis,Gagal Ginjal Kronis
253,https://www.alodokter.com/gagal-hati,Gagal Hati
254,https://www.alodokter.com/gagal-jantung,Gagal Jantung
255,https://www.alodokter.com/gagap,Gagap
256,https://www.alodokter.com/gangguan-bipolar,Gangguan Bipolar
257,https://www.alodokter.com/gangguan-elektrolit,Gangguan Elektrolit
258,https://www.alodokter.com/gangguan-kecemasan-umum,Gangguan Kecemasan Umum
259,https://www.alodokter.com/gangguan-kepribadian,Gangguan Kepribadian
260,https://www.alodokter.com/gangguan-keseimbangan-asam-basa,Gangguan Keseimbangan Asam Basa
261,https://www.alodokter.com/gangguan-makan,Gangguan Makan
262,https://www.alodokter.com/kesehatan-mental,Gangguan Mental
263,https://www.alodokter.com/gangguan-metabolik,Gangguan Metabolik
264,https://www.alodokter.com/gangguan-panik,Gangguan Panik
265,https://www.alodokter.com/gangguan-pencernaan,Gangguan Pencernaan
266,https://www.alodokter.com/gangguan-pendengaran,Gangguan Pendengaran
267,https://www.alodokter.com/gangguan-penyimpanan-lisosom,Gangguan Penyimpanan Lisosom
268,https://www.alodokter.com/gangguan-tidur,Gangguan Tidur
269,https://www.alodokter.com/gangrene,Gangrene
270,https://www.alodokter.com/gastritis,Gastritis
271,https://www.alodokter.com/gastroenteritis,Gastroenteritis
272,https://www.alodokter.com/gastroparesis,Gastroparesis
273,https://www.alodokter.com/gastroschisis,Gastroschisis
274,https://www.alodokter.com/gendang-telinga-pecah,Gendang Telinga Pecah
275,https://www.alodokter.com/giardiasis,Giardiasis
276,https://www.alodokter.com/gigantisme,Gigantisme
277,https://www.alodokter.com/gigi-berlubang,Gigi Berlubang
278,https://www.alodokter.com/gigi-bungsu,Gigi Bungsu
279,https://www.alodokter.com/gigi-sensitif,Gigi Sensitif
280,https://www.alodokter.com/gigitan-serangga,Gigitan Serangga
281,https://www.alodokter.com/ginekomastia,Ginekomastia
282,https://www.alodokter.com/glaukoma,Glaukoma
283,https://www.alodokter.com/glomerulonefritis,Glomerulonefritis
284,https://www.alodokter.com/gondongan,Gondongan
285,https://www.alodokter.com/gonore,Gonore
286,https://www.alodokter.com/graft-versus-host-disease,Graft versus Host Disease
287,https://www.alodokter.com/granuloma-inguinale,Granuloma Inguinale
288,https://www.alodokter.com/gusi-bengkak,Gusi Bengkak
289,https://www.alodokter.com/gusi-berdarah,Gusi Berdarah
290,https://www.alodokter.com/halusinasi,Halusinasi
291,https://www.alodokter.com/hamil-anggur,Hamil Anggur
292,https://www.alodokter.com/hammer-toe,Hammer Toe
293,https://www.alodokter.com/hantavirus,Hantavirus
294,https://www.alodokter.com/harlequin-ichthyosis,Harlequin Ichthyosis
295,https://www.alodokter.com/hemangioma,Hemangioma
296,https://www.alodokter.com/hematochezia,Hematochezia
297,https://www.alodokter.com/hematoma,Hematoma
298,https://www.alodokter.com/hematuria,Hematuria
299,https://www.alodokter.com/hemofilia,Hemofilia
300,https://www.alodokter.com/hemokromatosis,Hemokromatosis
301,https://www.alodokter.com/henoch-schonlein-purpura,Henoch-Schonlein Purpura
302,https://www.alodokter.com/henti-jantung-mendadak,Henti Jantung Mendadak
303,https://www.alodokter.com/hepatitis,Hepatitis
304,https://www.alodokter.com/hepatitis-a,Hepatitis A
305,https://www.alodokter.com/hepatitis-b,Hepatitis B
306,https://www.alodokter.com/hepatitis-c,Hepatitis C
307,https://www.alodokter.com/hepatitis-d,Hepatitis D
308,https://www.alodokter.com/hepatoblastoma,Hepatoblastoma
309,https://www.alodokter.com/hepatomegali,Hepatomegali
310,https://www.alodokter.com/hernia,Hernia
311,https://www.alodokter.com/hernia-diafragma,Hernia Diafragma
312,https://www.alodokter.com/hernia-epigastrik,Hernia Epigastrik
313,https://www.alodokter.com/hernia-femoralis,Hernia Femoralis
314,https://www.alodokter.com/hernia-inguinalis,Hernia Inguinalis
315,https://www.alodokter.com/hernia-nukleus-pulposus,Hernia Nukleus Pulposus
316,https://www.alodokter.com/hernia-umbilikalis,Hernia Umbilikalis
317,https://www.alodokter.com/herniasi-otak,Herniasi Otak
318,https://www.alodokter.com/herpangina,Herpangina
319,https://www.alodokter.com/herpes,Herpes
320,https://www.alodokter.com/herpes-genital,Herpes Genital (Herpes Simplex)
321,https://www.alodokter.com/herpes-zoster,Herpes Zoster
322,https://www.alodokter.com/hernia-hiatus,Hiatus Hernia
323,https://www.alodokter.com/hidradenitis-suppurativa,Hidradenitis Suppurativa
324,https://www.alodokter.com/hidrokel,Hidrokel
325,https://www.alodokter.com/hidronefrosis,Hidronefrosis
326,https://www.alodokter.com/hidrosefalus,Hidrosefalus
327,https://www.alodokter.com/hidung-tersumbat,Hidung Tersumbat
328,https://www.alodokter.com/hifema,Hifema
329,https://www.alodokter.com/hiperemsis-gravidarum,Hiperemesis Gravidarum
330,https://www.alodokter.com/hiperglikemia,Hiperglikemia
331,https://www.alodokter.com/hiperhidrosis,Hiperhidrosis
332,https://www.alodokter.com/hiperkalemia,Hiperkalemia
333,https://www.alodokter.com/hiperkalsemia,Hiperkalsemia
334,https://www.alodokter.com/hiperkolesterolemia,Hiperkolesterolemia
335,https://www.alodokter.com/hipermagnesemia,Hipermagnesemia
336,https://www.alodokter.com/rabun-dekat,Hipermetropi
337,https://www.alodokter.com/hiperparatiroidisme,Hiperparatiroidisme
338,https://www.alodokter.com/hiperpituitarisme,Hiperpituitarisme
339,https://www.alodokter.com/hiperplasia-adrenal-kongenital,Hiperplasia Adrenal Kongenital
340,https://www.alodokter.com/hiperprolaktinemia,Hiperprolaktinemia
341,https://www.alodokter.com/hipertensi,Hipertensi
342,https://www.alodokter.com/hipertensi-pulmonal,Hipertensi Pulmonal
343,https://www.alodokter.com/hipertensi-sekunder,Hipertensi Sekunder
344,https://www.alodokter.com/hipertermia,Hipertermia
345,https://www.alodokter.com/hipertiroidisme,Hipertiroidisme
346,https://www.alodokter.com/hipertrofi-ventrikel-kiri,Hipertrofi Ventrikel Kiri
347,https://www.alodokter.com/hypoalbuminemia,Hipoalbuminemia
348,https://www.alodokter.com/hipoglikemia,Hipoglikemia
349,https://www.alodokter.com/hipogonadisme,Hipogonadisme
350,https://www.alodokter.com/kekurangan-kalium,Hipokalemia (Kekurangan Kalium)
351,https://www.alodokter.com/hipoksia,Hipoksia
352,https://www.alodokter.com/hipomagnesemia,Hipomagnesemia
353,https://www.alodokter.com/hipomania,Hipomania
354,https://www.alodokter.com/hiponatremia,Hiponatremia
355,https://www.alodokter.com/hipoparatiroid,Hipoparatiroid
356,https://www.alodokter.com/hipopituitarisme,Hipopituitarisme
357,https://www.alodokter.com/hypospadia,Hipospadia
358,https://www.alodokter.com/hipotensi,Hipotensi
359,https://www.alodokter.com/hipotensi-ortostatik,Hipotensi Ortostatik
360,https://www.alodokter.com/hipotermia,Hipotermia
361,https://www.alodokter.com/hipotiroidisme,Hipotiroidisme
362,https://www.alodokter.com/hirsutisme,Hirsutisme
363,https://www.alodokter.com/histoplasmosis,Histoplasmosis
364,https://www.alodokter.com/hiv-aids,HIV dan AIDS
365,https://www.alodokter.com/hoarding-disorder,Hoarding Disorder
366,https://www.alodokter.com/hpv,HPV
367,https://www.alodokter.com/iktiosis,Iktiosis
368,https://www.alodokter.com/ileus-paralitik,Ileus Paralitik
369,https://www.alodokter.com/impetigo,Impetigo
370,https://www.alodokter.com/impotensi,Impotensi
371,https://www.alodokter.com/imunisasi,Imunisasi
372,https://www.alodokter.com/infeksi-aliran-darah,Infeksi Aliran Darah
373,https://www.alodokter.com/infeksi-bakteri,Infeksi Bakteri
374,https://www.alodokter.com/infeksi-bakteri-penghasil-esbl,Infeksi Bakteri Penghasil ESBL
375,https://www.alodokter.com/infeksi-cacing-tambang,Infeksi Cacing Tambang
376,https://www.alodokter.com/infeksi-ginjal,Infeksi Ginjal
377,https://www.alodokter.com/infeksi-helicobacter-pylori,Infeksi Helicobacter Pylori
378,https://www.alodokter.com/infeksi-jamur,Infeksi Jamur
379,https://www.alodokter.com/infeksi-kandung-kemih,Infeksi Kandung Kemih
380,https://www.alodokter.com/infeksi-kulit,Infeksi Kulit
381,https://www.alodokter.com/infeksi-luka-operasi,Infeksi Luka Operasi
382,https://www.alodokter.com/infeksi-nosokomial,Infeksi Nosokomial
383,https://www.alodokter.com/infeksi-parasit,Infeksi Parasit
384,https://www.alodokter.com/infeksi-salmonella,Infeksi Salmonella
385,https://www.alodokter.com/infeksi-saluran-kemih,Infeksi Saluran Kemih
386,https://www.alodokter.com/infeksi-saluran-pernapasan,Infeksi Saluran Pernapasan
387,https://www.alodokter.com/infeksi-shigella,Infeksi Shigella
388,https://www.alodokter.com/infeksi-streptococcus,Infeksi Streptococcus
389,https://www.alodokter.com/infeksi-usus,Infeksi Usus
390,https://www.alodokter.com/infeksi-virus,Infeksi Virus
391,https://www.alodokter.com/inkompatibilitas-abo,Inkompatibilitas ABO
392,https://www.alodokter.com/inkompatibilitas-rhesus,Inkompatibilitas Rhesus
393,https://www.alodokter.com/inkompetensi-serviks,Inkompetensi Serviks
394,https://www.alodokter.com/inkontinensia-tinja,Inkontinensia Tinja
395,https://www.alodokter.com/inkontinensia-urine,Inkontinensia Urine
396,https://www.alodokter.com/insecure,Insecure
397,https://www.alodokter.com/insomnia,Insomnia
398,https://www.alodokter.com/insulinoma,Insulinoma
399,https://www.alodokter.com/intoleransi-laktosa,Intoleransi Laktosa
400,https://www.alodokter.com/intrauterine-growth-restriction-iugr,Intrauterine growth restriction (IUGR)
401,https://www.alodokter.com/intususepsi,Intususepsi
402,https://www.alodokter.com/iskemia,Iskemia
403,https://www.alodokter.com/ispa,ISPA
404,https://www.alodokter.com/itp-idiopathic-thrombocytopenic-purpura,ITP (Idiopathic Thrombocytopenic Purpura)
405,https://www.alodokter.com/jamur-kuku,Jamur Kuku
406,https://www.alodokter.com/jamur-kulit,Jamur Kulit
407,https://www.alodokter.com/jantung-berdebar,Jantung Berdebar
408,https://www.alodokter.com/jerawat,Jerawat
409,https://www.alodokter.com/jet-lag,Jet Lag
410,https://www.alodokter.com/filariasis,Kaki Gajah
411,https://www.alodokter.com/kaki-rata,Kaki Rata
412,https://www.alodokter.com/kalazion,Kalazion
413,https://www.alodokter.com/sistokel,Kandung Kemih Turun
414,https://www.alodokter.com/penyakit-kanker,Kanker
415,https://www.alodokter.com/kanker-anus,Kanker Anus
416,https://www.alodokter.com/kanker-darah,Kanker Darah
417,https://www.alodokter.com/kanker-endometrium,Kanker Endometrium
418,https://www.alodokter.com/kanker-esofagus,Kanker Esofagus
419,https://www.alodokter.com/kanker-ginjal,Kanker Ginjal
420,https://www.alodokter.com/kanker-hati,Kanker Hati
421,https://www.alodokter.com/kanker-kandung-kemih,Kanker Kandung Kemih
422,https://www.alodokter.com/kanker-kelenjar-air-liur,Kanker Kelenjar Air Liur
423,https://www.alodokter.com/kanker-kolorektal,Kanker Kolorektal
424,https://www.alodokter.com/kanker-kulit,Kanker Kulit
425,https://www.alodokter.com/kanker-kulit-melanoma,Kanker Kulit Melanoma
426,https://www.alodokter.com/kanker-lambung,Kanker Lambung
427,https://www.alodokter.com/kanker-laring,Kanker Laring
428,https://www.alodokter.com/kanker-lidah,Kanker Lidah
429,https://www.alodokter.com/kanker-mata,Kanker Mata
430,https://www.alodokter.com/kanker-mata-melanoma,Kanker Mata Melanoma
431,https://www.alodokter.com/kanker-mulut,Kanker Mulut
432,https://www.alodokter.com/karsinoma-nasofaring,Kanker Nasofaring
433,https://www.alodokter.com/kanker-otak,Kanker Otak
434,https://www.alodokter.com/kanker-ovarium,Kanker Ovarium
435,https://www.alodokter.com/kanker-pankreas,Kanker Pankreas
436,https://www.alodokter.com/kanker-paru-paru,Kanker Paru-Paru
437,https://www.alodokter.com/kanker-payudara,Kanker Payudara
438,https://www.alodokter.com/kanker-prostat,Kanker Prostat
439,https://www.alodokter.com/kanker-rahim,Kanker Rahim
440,https://www.alodokter.com/kanker-serviks,Kanker Serviks
441,https://www.alodokter.com/kanker-tenggorokan,Kanker Tenggorokan
442,https://www.alodokter.com/kanker-testis,Kanker Testis
443,https://www.alodokter.com/kanker-tiroid,Kanker Tiroid
444,https://www.alodokter.com/kanker-tulang,Kanker Tulang
445,https://www.alodokter.com/kanker-usus-besar,Kanker Usus Besar
446,https://www.alodokter.com/kanker-vagina,Kanker Vagina
447,https://www.alodokter.com/kanker-vulva,Kanker Vulva
448,https://www.alodokter.com/kantuk,Kantuk
449,https://www.alodokter.com/kapalan,Kapalan
450,https://www.alodokter.com/karang-gigi,Karang Gigi
451,https://www.alodokter.com/kardiomegali,Kardiomegali
452,https://www.alodokter.com/lemah-jantung,Kardiomiopati
453,https://www.alodokter.com/karsinoma-sel-basal,Karsinoma Sel Basal
454,https://www.alodokter.com/karsinoma-sel-skuamosa,Karsinoma Sel Skuamosa
455,https://www.alodokter.com/katarak-pada-manula,Katarak Pada Lansia
456,https://www.alodokter.com/kecanduan-alkohol,Kecanduan Alkohol
457,https://www.alodokter.com/kecanduan-nikotin,Kecanduan Nikotin
458,https://www.alodokter.com/keguguran,Keguguran
459,https://www.alodokter.com/kehamilan-ektopik,Kehamilan Ektopik
460,https://www.alodokter.com/kejang,Kejang
461,https://www.alodokter.com/kejang-demam,Kejang Demam
462,https://www.alodokter.com/kekurangan-yodium,Kekurangan Yodium
463,https://www.alodokter.com/kelahiran-prematur,Kelahiran Prematur
464,https://www.alodokter.com/kelainan-darah,Kelainan Darah
465,https://www.alodokter.com/kelainan-kongenital,Kelainan Kongenital
466,https://www.alodokter.com/kelumpuhan,Kelumpuhan
467,https://www.alodokter.com/kembar-siam,Kembar Siam
468,https://www.alodokter.com/kepribadian-ganda,Kepribadian Ganda
469,https://www.alodokter.com/keputihan,Keputihan
470,https://www.alodokter.com/keracunan-arsenik,Keracunan Arsenik
471,https://www.alodokter.com/keracunan-insektisida,Keracunan Insektisida
472,https://www.alodokter.com/keracunan-karbon-monoksida,Keracunan Karbon Monoksida
473,https://www.alodokter.com/keracunan-makanan,Keracunan Makanan
474,https://www.alodokter.com/keracunan-merkuri,Keracunan Merkuri
475,https://www.alodokter.com/keracunan-sianida,Keracunan Sianida
476,https://www.alodokter.com/keracunan-timbal-plumbism,Keracunan Timbal/Plumbism
477,https://www.alodokter.com/keratitis,Keratitis
478,https://www.alodokter.com/keratosis-pilaris,Keratosis Pilaris
479,https://www.alodokter.com/keratosis-seboroik,Keratosis Seboroik
480,https://www.alodokter.com/keringat-dingin,Keringat Dingin
481,https://www.alodokter.com/keriput,Keriput
482,https://www.alodokter.com/kernikterus,Kernikterus
483,https://www.alodokter.com/keseleo,Keseleo
484,https://www.alodokter.com/ketoasidosis-alkoholik,Ketoasidosis Alkoholik
485,https://www.alodokter.com/ketoasidosis-diabetik,Ketoasidosis Diabetik
486,https://www.alodokter.com/ketombe,Ketombe
487,https://www.alodokter.com/ketuban-pecah-dini,Ketuban Pecah Dini
488,https://www.alodokter.com/kyphosis,Kifosis
489,https://www.alodokter.com/kista,Kista
490,https://www.alodokter.com/kista-baker,Kista Baker
491,https://www.alodokter.com/kista-bartholin,Kista Bartholin
492,https://www.alodokter.com/kista-dermoid,Kista Dermoid
493,https://www.alodokter.com/kista-epidermoid,Kista Epidermoid
494,https://www.alodokter.com/kista-epididimis,Kista Epididimis
495,https://www.alodokter.com/kista-ganglion,Kista Ganglion
496,https://www.alodokter.com/kista-ginjal,Kista Ginjal
497,https://www.alodokter.com/kista-ovarium,Kista Ovarium
498,https://www.alodokter.com/kista-payudara,Kista Payudara
499,https://www.alodokter.com/kista-pilonidal,Kista Pilonidal
500,https://www.alodokter.com/klaudikasio-intermiten,Klaudikasio Intermiten
501,https://www.alodokter.com/kleptomania,Kleptomania
502,https://www.alodokter.com/koarktasio-aorta,Koarktasio Aorta
503,https://www.alodokter.com/kolera,Kolera
504,https://www.alodokter.com/kolesistitis,Kolesistitis
505,https://www.alodokter.com/kolesterol,Kolesterol
506,https://www.alodokter.com/kolesterol-tinggi,Kolesterol Tinggi
507,https://www.alodokter.com/kolitis-ulseratif,Kolitis Ulseratif
508,https://www.alodokter.com/koma,Koma
509,https://www.alodokter.com/koma-miksedema,Koma Miksedema
510,https://www.alodokter.com/komedo,Komedo
511,https://www.alodokter.com/komedo-putih,Komedo Putih
512,https://www.alodokter.com/konjungtivitis,Konjungtivitis
513,https://www.alodokter.com/konstipasi,Konstipasi
514,https://www.alodokter.com/kostokondritis,Kostokondritis
515,https://www.alodokter.com/kriptorkismus,Kriptorkismus
516,https://www.alodokter.com/kriptosporidiosis,Kriptosporidiosis
517,https://www.alodokter.com/krisis-tiroid,Krisis Tiroid
518,https://www.alodokter.com/kudis,Kudis
519,https://www.alodokter.com/kurap,Kurap
520,https://www.alodokter.com/kusta,Kusta
521,https://www.alodokter.com/kutil,Kutil
522,https://www.alodokter.com/kutil-kelamin,Kutil Kelamin
523,https://www.alodokter.com/tinea-pedis,Kutu Air
524,https://www.alodokter.com/bedbugs,Kutu Kasur
525,https://www.alodokter.com/kutu-kemaluan,Kutu Kemaluan
526,https://www.alodokter.com/kutu-rambut,Kutu Rambut
527,https://www.alodokter.com/laringitis,Laringitis
528,https://www.alodokter.com/lentigo,Lentigo
529,https://www.alodokter.com/leptospirosis,Leptospirosis
530,https://www.alodokter.com/leukemia,Leukemia
531,https://www.alodokter.com/leukemia-limfoblastik-akut,Leukemia Limfoblastik Akut
532,https://www.alodokter.com/leukemia-limfositik-kronis,Leukemia Limfositik Kronis
533,https://www.alodokter.com/leukemia-mieloblastik-akut,Leukemia Mieloblastik Akut
534,https://www.alodokter.com/leukoplakia,Leukoplakia
535,https://www.alodokter.com/leukositosis,Leukositosis
536,https://www.alodokter.com/lichen-planus,Lichen Planus
537,https://www.alodokter.com/lichen-sclerosus,Lichen Sclerosus
538,https://www.alodokter.com/limfadenitis,Limfadenitis
539,https://www.alodokter.com/limfadenopati,Limfadenopati
540,https://www.alodokter.com/limfedema,Limfedema
541,https://www.alodokter.com/limfoma,Limfoma
542,https://www.alodokter.com/limfoma-hodgkin,Limfoma Hodgkin
543,https://www.alodokter.com/limfoma-mata,Limfoma Mata
544,https://www.alodokter.com/limfoma-non-hodgkin,Limfoma non-Hodgkin
545,https://www.alodokter.com/limfoma-sel-mantel,Limfoma Sel Mantel
546,https://www.alodokter.com/lipoma,Lipoma
547,https://www.alodokter.com/liposarcoma,Liposarcoma
548,https://www.alodokter.com/listeria,Listeria
549,https://www.alodokter.com/luka-bakar,Luka Bakar
550,https://www.alodokter.com/lupus,Lupus
551,https://www.alodokter.com/lupus-nefritis,Lupus Nefritis
552,https://www.alodokter.com/lymphogranuloma-venereum,Lymphogranuloma venereum (LGV)
553,https://www.alodokter.com/mabuk-perjalanan,Mabuk Perjalanan
554,https://www.alodokter.com/malabsorbsi-makanan,Malabsorbsi Makanan
555,https://www.alodokter.com/malaria,Malaria
556,https://www.alodokter.com/malformasi-arteri-vena,Malformasi Arteri Vena
557,https://www.alodokter.com/malformasi-chiari,Malformasi Chiari
558,https://www.alodokter.com/malnutrisi-energi-protein,Malnutrisi Energi Protein
559,https://www.alodokter.com/infeksi-payudara,Mastitis
560,https://www.alodokter.com/mastocytosis,Mastocytosis
561,https://www.alodokter.com/mastoiditis,Mastoiditis
562,https://www.alodokter.com/mata-ikan,Mata Ikan
563,https://www.alodokter.com/mata-juling,Mata Juling
564,https://www.alodokter.com/mata-kering,Mata Kering
565,https://www.alodokter.com/mata-malas,Mata Malas
566,https://www.alodokter.com/mati-rasa,Mati Rasa
567,https://www.alodokter.com/megakolon,Megakolon
568,https://www.alodokter.com/melena,Melena
569,https://www.alodokter.com/dengkur,Mendengkur
570,https://www.alodokter.com/menggigil,Menggigil
571,https://www.alodokter.com/meningioma,Meningioma
572,https://www.alodokter.com/meningitis,Meningitis
573,https://www.alodokter.com/menopause,Menopause
574,https://www.alodokter.com/menorrhagia,Menorrhagia
575,https://www.alodokter.com/menstruasi,Menstruasi
576,https://www.alodokter.com/mesothelioma,Mesothelioma
577,https://www.alodokter.com/methemoglobinemia,Methemoglobinemia
578,https://www.alodokter.com/mers,Middle East Respiratory Syndrome Coronavirus (MERS CoV)
579,https://www.alodokter.com/mielitis-transversa,Mielitis Transversa
580,https://www.alodokter.com/migrain,Migrain
581,https://www.alodokter.com/mikosis,Mikosis
582,https://www.alodokter.com/microcephaly,Mikrosefalus
583,https://www.alodokter.com/milia,Milia
584,https://www.alodokter.com/mimisan,Mimisan
585,https://www.alodokter.com/mimpi-buruk,Mimpi Buruk
586,https://www.alodokter.com/miokarditis,Miokarditis
587,https://www.alodokter.com/miom,Miom
588,https://www.alodokter.com/rabun-jauh,Miopi (Rabun Jauh)
589,https://www.alodokter.com/mirror-syndrome,Mirror Syndrome
590,https://www.alodokter.com/moebius-syndrome,Moebius Syndrome
591,https://www.alodokter.com/molluscum-contagiosum,Molluscum Contagiosum
592,https://www.alodokter.com/mononukleosis,Mononukleosis
593,https://www.alodokter.com/morning-sickness,Morning Sickness
594,https://www.alodokter.com/mrsa,MRSA
595,https://www.alodokter.com/mual,Mual
596,https://www.alodokter.com/multiple-myeloma,Multiple Myeloma
597,https://www.alodokter.com/multiple-sclerosis,Multiple Sclerosis
598,https://www.alodokter.com/mulut-kering,Mulut Kering
599,https://www.alodokter.com/muntaber,Muntaber
600,https://www.alodokter.com/muntah,Muntah
601,https://www.alodokter.com/muntah-darah,Muntah Darah
602,https://www.alodokter.com/myasthenia-gravis,Myasthenia Gravis
603,https://www.alodokter.com/myelofibrosis,Myelofibrosis
604,https://www.alodokter.com/narkolepsi,Narkolepsi
605,https://www.alodokter.com/narsistik,Narsistik
606,https://www.alodokter.com/necrotizing-enterocolitis,Necrotizing Enterocolitis
607,https://www.alodokter.com/nefropati-diabetik,Nefropati Diabetik
608,https://www.alodokter.com/nekrolisis-epidermal-toksik,Nekrolisis Epidermal Toksik
609,https://www.alodokter.com/neuritis-optik,Neuritis Optik
610,https://www.alodokter.com/neuroblastoma,Neuroblastoma
611,https://www.alodokter.com/neurodermatitis,Neurodermatitis
612,https://www.alodokter.com/neurofibromatosis-tipe-1,Neurofibromatosis Tipe 1
613,https://www.alodokter.com/neurofibromatosis-tipe-2,Neurofibromatosis Tipe 2
614,https://www.alodokter.com/neuroma-akustik,Neuroma Akustik
615,https://www.alodokter.com/neuropati,Neuropati
616,https://www.alodokter.com/neuropati-diabetik,Neuropati Diabetik
617,https://www.alodokter.com/neuropati-perifer,Neuropati Perifer
618,https://www.alodokter.com/nevoid-basal-cell-carcinoma-syndrome,Nevoid Basal Cell Carcinoma Syndrome
619,https://www.alodokter.com/nistagmus,Nistagmus
620,https://www.alodokter.com/penyakit-a-z/nyeri-anus,Nyeri Anus
621,https://www.alodokter.com/nyeri-dada,Nyeri Dada
622,https://www.alodokter.com/sakit-leher,Nyeri Leher
623,https://www.alodokter.com/sakit-lutut,Nyeri Lutut
624,https://www.alodokter.com/nyeri-otot,Nyeri Otot (Myalgia)
625,https://www.alodokter.com/nyeri-panggul,Nyeri Panggul
626,https://www.alodokter.com/mastalgia,Nyeri Payudara (Mastalgia)
627,https://www.alodokter.com/nyeri-pergelangan-tangan,Nyeri Pergelangan Tangan
628,https://www.alodokter.com/nyeri-punggung,Nyeri Punggung
629,https://www.alodokter.com/nyeri-sendi,Nyeri Sendi
630,https://www.alodokter.com/nyeri-tumit,Nyeri Tumit
631,https://www.alodokter.com/obesitas,Obesitas
632,https://www.alodokter.com/obesitas-morbid,Obesitas Morbid
633,https://www.alodokter.com/obstruksi-usus,Obstruksi Usus
634,https://www.alodokter.com/ocd,OCD (Obsessive Compulsive Disorder)
635,https://www.alodokter.com/odd,ODD (Oppositional Defiant Disorder)
636,https://www.alodokter.com/omphalocele,Omphalocele
637,https://www.alodokter.com/orchitis,Orchitis
638,https://www.alodokter.com/osteoarthritis,Osteoarthritis
639,https://www.alodokter.com/osteofit,Osteofit
640,https://www.alodokter.com/osteomalacia,Osteomalacia
641,https://www.alodokter.com/osteomielitis,Osteomielitis
642,https://www.alodokter.com/osteopetrosis,Osteopetrosis
643,https://www.alodokter.com/osteoporosis,Osteoporosis
644,https://www.alodokter.com/osteosarcoma,Osteosarcoma
645,https://www.alodokter.com/otitis-eksterna,Otitis Eksterna
646,https://www.alodokter.com/otitis-media,Otitis Media
647,https://www.alodokter.com/otomikosis,Otomikosis
648,https://www.alodokter.com/otosklerosis,Otosklerosis
649,https://www.alodokter.com/pankreatitis-akut,Pankreatitis Akut
650,https://www.alodokter.com/pankreatitis-kronis,Pankreatitis Kronis
651,https://www.alodokter.com/panu,Panu
652,https://www.alodokter.com/parafimosis,Parafimosis
653,https://www.alodokter.com/paranoid,Paranoid
654,https://www.alodokter.com/paraplegia,Paraplegia
655,https://www.alodokter.com/paratifus,Paratifus
656,https://www.alodokter.com/parestesia,Parestesia (Kesemutan)
657,https://www.alodokter.com/paronikia,Paronikia
658,https://www.alodokter.com/patah-kaki,Patah Kaki dan Tungkai
659,https://www.alodokter.com/patah-pergelangan-kaki,Patah Pergelangan Kaki
660,https://www.alodokter.com/patah-pergelangan-tangan,Patah Pergelangan Tangan
661,https://www.alodokter.com/patah-tangan,Patah Tangan
662,https://www.alodokter.com/patah-tulang,Patah Tulang
663,https://www.alodokter.com/patah-tulang-pinggul,Patah Tulang Pinggul
664,https://www.alodokter.com/patah-tulang-selangka,Patah Tulang Selangka
665,https://www.alodokter.com/patellofemoral-pain-syndrome,Patellofemoral Pain Syndrome
666,https://www.alodokter.com/patent-ductus-arteriosus,Patent Ductus Arteriosus
667,https://www.alodokter.com/patent-foramen-ovale,Patent Foramen Ovale
668,https://www.alodokter.com/pectus-excavatum,Pectus Excavatum
669,https://www.alodokter.com/pembengkakan-kelenjar-getah-bening,Pembengkakan Kelenjar Getah Bening
670,https://www.alodokter.com/pembengkakan-otak,Pembengkakan Otak
671,https://www.alodokter.com/pembesaran-adenoid,Pembesaran Adenoid
672,https://www.alodokter.com/pemfigoid-bulosa,Pemfigoid Bulosa
673,https://www.alodokter.com/pemfigus,Pemfigus
674,https://www.alodokter.com/penurunan-kesadaran,Penurunan Kesadaran
675,https://www.alodokter.com/penyakit-addison,Penyakit Addison
676,https://www.alodokter.com/penyakit-alzheimer,Penyakit Alzheimer
677,https://www.alodokter.com/penyakit-arteri-perifer,Penyakit Arteri Perifer
678,https://www.alodokter.com/penyakit-asam-lambung,Penyakit Asam Lambung
679,https://www.alodokter.com/rematik-asam-urat,Penyakit Asam Urat
680,https://www.alodokter.com/penyakit-autoimun,Penyakit Autoimun
681,https://www.alodokter.com/penyakit-behcet,Penyakit Behcet
682,https://www.alodokter.com/penyakit-beri-beri,Penyakit Beri-beri
683,https://www.alodokter.com/penyakit-buerger,Penyakit Buerger
684,https://www.alodokter.com/penyakit-celiac,Penyakit Celiac
685,https://www.alodokter.com/penyakit-chagas,Penyakit Chagas
686,https://www.alodokter.com/penyakit-charcot-marie-tooth,Penyakit Charcot-Marie-Tooth
687,https://www.alodokter.com/penyakit-dekompresi,Penyakit Dekompresi
688,https://www.alodokter.com/penyakit-ginjal,Penyakit Ginjal
689,https://www.alodokter.com/penyakit-gondok,Penyakit Gondok
690,https://www.alodokter.com/penyakit-graves,Penyakit Graves
691,https://www.alodokter.com/penyakit-hashimoto,Penyakit Hashimoto
692,https://www.alodokter.com/penyakit-hati-terkait-alkohol,Penyakit Hati Terkait Alkohol
693,https://www.alodokter.com/penyakit-hirschsprung,Penyakit Hirschsprung
694,https://www.alodokter.com/penyakit-huntington,Penyakit Huntington
695,https://www.alodokter.com/penyakit-infeksi,Penyakit Infeksi
696,https://www.alodokter.com/penyakit-jamur-hitam,Penyakit Jamur Hitam
697,https://www.alodokter.com/penyakit-jantung,Penyakit Jantung
698,https://www.alodokter.com/penyakit-jantung-bawaan,Penyakit Jantung Bawaan
699,https://www.alodokter.com/penyakit-jantung-koroner,Penyakit Jantung Koroner
700,https://www.alodokter.com/penyakit-jantung-reumatik,Penyakit Jantung Rematik
701,https://www.alodokter.com/penyakit-katup-jantung,Penyakit Katup Jantung
702,https://www.alodokter.com/penyakit-kawasaki,Penyakit Kawasaki
703,https://www.alodokter.com/penyakit-kennedy,Penyakit Kennedy
704,https://www.alodokter.com/penyakit-kuning,Penyakit Kuning
705,https://www.alodokter.com/penyakit-liver,Penyakit Liver
706,https://www.alodokter.com/penyakit-lyme,Penyakit Lyme
707,https://www.alodokter.com/penyakit-meniere,Penyakit Meniere
708,https://www.alodokter.com/penyakit-menular-seksual-pms,Penyakit Menular Seksual
709,https://www.alodokter.com/penyakit-mieloproliferatif,Penyakit Mieloproliferatif
710,https://www.alodokter.com/penyakit-paget,Penyakit Paget
711,https://www.alodokter.com/penyakit-parkinson,Penyakit Parkinson
712,https://www.alodokter.com/penyakit-paru-interstisial,Penyakit Paru Interstisial
713,https://www.alodokter.com/penyakit-paru-obstruktif-kronis,Penyakit Paru Obstruktif Kronis
714,https://www.alodokter.com/pes,Penyakit Pes
715,https://www.alodokter.com/penyakit-peyronie,Penyakit Peyronie
716,https://www.alodokter.com/penyakit-retina,Penyakit Retina
717,https://www.alodokter.com/penyakit-sapi-gila,Penyakit Sapi Gila
718,https://www.alodokter.com/penyakit-motor-neuron,Penyakit Saraf Motorik
719,https://www.alodokter.com/penyakit-tangan-kaki-dan-mulut,Penyakit Tangan Kaki dan Mulut
720,https://www.alodokter.com/gangguan-tidur-berjalan,Penyakit Tidur Berjalan
721,https://www.alodokter.com/penyakit-tiroid,Penyakit Tiroid
722,https://www.alodokter.com/penyakit-usus-buntu,Penyakit Usus Buntu
723,https://www.alodokter.com/penyakit-von-willebrand,Penyakit Von Willebrand
724,https://www.alodokter.com/penyalahgunaan-napza,Penyalahgunaan NAPZA
725,https://www.alodokter.com/percobaan-bunuh-diri,Percobaan Bunuh Diri
726,https://www.alodokter.com/perdarahan-pascamelahirkan,Perdarahan Pascamelahirkan
727,https://www.alodokter.com/perdarahan-saluran-pencernaan,Perdarahan Saluran Pencernaan
728,https://www.alodokter.com/perdarahan-subarachnoid,Perdarahan Subarachnoid
729,https://www.alodokter.com/perdarahan-subkonjungtiva,Perdarahan Subkonjungtiva
730,https://www.alodokter.com/pergelangan-kaki-terkilir,Pergelangan Kaki Keseleo
731,https://www.alodokter.com/perikarditis,Perikarditis
732,https://www.alodokter.com/perikoronitis,Perikoronitis
733,https://www.alodokter.com/perimenopause,Perimenopause
734,https://www.alodokter.com/periodontitis,Periodontitis
735,https://www.alodokter.com/peritonitis,Peritonitis
736,https://www.alodokter.com/perlemakan-hati,Perlemakan Hati
737,https://www.alodokter.com/perut-kembung,Perut Kembung
738,https://www.alodokter.com/pheochromocytoma,Pheochromocytoma
739,https://www.alodokter.com/phlegmon,Phlegmon
740,https://www.alodokter.com/phthisis-bulbi,Phthisis Bulbi
741,https://www.alodokter.com/pilek,Pilek
742,https://www.alodokter.com/pingsan,Pingsan
743,https://www.alodokter.com/pinguecula,Pinguecula
744,https://www.alodokter.com/pityriasis-rosea,Pityriasis Rosea
745,https://www.alodokter.com/plantar-fasciitis,Plantar Fasciitis
746,https://www.alodokter.com/plasenta-akreta,Plasenta Akreta
747,https://www.alodokter.com/plasenta-previa,Plasenta Previa
748,https://www.alodokter.com/pleuritis,Pleuritis
749,https://www.alodokter.com/plummers-disease,Plummer&#39;s Disease
750,https://www.alodokter.com/pneumonia,Pneumonia
751,https://www.alodokter.com/pneumonia-aspirasi,Pneumonia Aspirasi
752,https://www.alodokter.com/pneumothorax,Pneumothorax
753,https://www.alodokter.com/polihidramnion,Polihidramnion
754,https://www.alodokter.com/polimiositis,Polimiositis
755,https://www.alodokter.com/polio,Polio
756,https://www.alodokter.com/polip-hidung,Polip Hidung
757,https://www.alodokter.com/polip-pulpa,Polip Pulpa
758,https://www.alodokter.com/polip-rahim,Polip Rahim
759,https://www.alodokter.com/polip-usus,Polip Usus
760,https://www.alodokter.com/polisitemia-vera,Polisitemia Vera
761,https://www.alodokter.com/penyakit-ginjal-polikistik,Polycystic Kidney Disease
762,https://www.alodokter.com/pcos,Polycystic Ovarian Syndrome (PCOS)
763,https://www.alodokter.com/pompholyx,Pompholyx
764,https://www.alodokter.com/porfiria,Porfiria
765,https://www.alodokter.com/postpartum-depression,Postpartum Depression
766,https://www.alodokter.com/prediabetes,Prediabetes
767,https://www.alodokter.com/preeklamsia,Preeklamsia
768,https://www.alodokter.com/premenstrual-dysphoric-disorder,Premenstrual Dysphoric Disorder
769,https://www.alodokter.com/premenstrual-syndrome,Premenstrual Syndrome
770,https://www.alodokter.com/presbikusis,Presbikusis
771,https://www.alodokter.com/presbiopi,Presbiopi
772,https://www.alodokter.com/priapismus,Priapismus
773,https://www.alodokter.com/primary-biliary-cirrhosis,Primary Biliary Cirrhosis
774,https://www.alodokter.com/primary-sclerosing-cholangitis,Primary Sclerosing Cholangitis
775,https://www.alodokter.com/proctalgia-fugax,Proctalgia Fugax
776,https://www.alodokter.com/progeria,Progeria
777,https://www.alodokter.com/proktitis,Proktitis
778,https://www.alodokter.com/prolaktinoma,Prolaktinoma
779,https://www.alodokter.com/prostatitis,Prostatitis
780,https://www.alodokter.com/pruritus,Pruritus
781,https://www.alodokter.com/pseudobulbar-affect-pba,Pseudobulbar Affect (PBA)
782,https://www.alodokter.com/pseudogout,Pseudogout
783,https://www.alodokter.com/psikopat,Psikopat
784,https://www.alodokter.com/psikosis,Psikosis
785,https://www.alodokter.com/psoriasis,Psoriasis
786,https://www.alodokter.com/psoriasis-arthritis,Psoriasis Arthritis
787,https://www.alodokter.com/pterygium,Pterygium
788,https://www.alodokter.com/ptsd,PTSD
789,https://www.alodokter.com/pubertas-dini,Pubertas Dini
790,https://www.alodokter.com/pusing,Pusing
791,https://www.alodokter.com/rabies,Rabies
792,https://www.alodokter.com/rabun-senja,Rabun Senja
793,https://www.alodokter.com/radang-amandel,Radang Amandel
794,https://www.alodokter.com/radang-gusi,Radang Gusi
795,https://www.alodokter.com/radang-otak,Radang Otak
796,https://www.alodokter.com/radang-panggul,Radang Panggul
797,https://www.alodokter.com/radang-sendi,Radang Sendi
798,https://www.alodokter.com/radang-usus,Radang Usus (IBD)
799,https://www.alodokter.com/rakitis,Rakitis
800,https://www.alodokter.com/rambut-rontok,Rambut Rontok
801,https://www.alodokter.com/rambut-tumbuh-ke-dalam,Rambut Tumbuh ke Dalam
802,https://www.alodokter.com/reactive-arthritis,Reactive Arthritis
803,https://www.alodokter.com/refeeding-syndrome,Refeeding Syndrome
804,https://www.alodokter.com/rematik,Rematik
805,https://www.alodokter.com/retardasi-mental,Retardasi Mental
806,https://www.alodokter.com/retensi-plasenta,Retensi Plasenta
807,https://www.alodokter.com/retinoblastoma,Retinoblastoma
808,https://www.alodokter.com/retinopati-diabetik,Retinopati Diabetik
809,https://www.alodokter.com/rhabdomyolysis,Rhabdomyolysis
810,https://www.alodokter.com/rhabdomyosarcoma,Rhabdomyosarcoma
811,https://www.alodokter.com/rheumatoid-arthritis,Rheumatoid Arthritis
812,https://www.alodokter.com/rhinitis,Rhinitis
813,https://www.alodokter.com/rinitis-alergi,Rhinitis Alergi
814,https://www.alodokter.com/rosacea,Rosacea
815,https://www.alodokter.com/roseola,Roseola
816,https://www.alodokter.com/rotavirus,Rotavirus
817,https://www.alodokter.com/ruam-kulit,Ruam Kulit
818,https://www.alodokter.com/ruam-popok,Ruam Popok
819,https://www.alodokter.com/rubella,Rubella
820,https://www.alodokter.com/sakit-gigi,Sakit Gigi
821,https://www.alodokter.com/sakit-kepala,Sakit Kepala
822,https://www.alodokter.com/sakit-kepala-cluster,Sakit Kepala Cluster
823,https://www.alodokter.com/sakit-kepala-tegang,Sakit Kepala Tegang
824,https://www.alodokter.com/sakit-maag,Sakit Maag
825,https://www.alodokter.com/sakit-perut,Sakit Perut
826,https://www.alodokter.com/sakit-pinggang,Sakit Pinggang
827,https://www.alodokter.com/sakit-saraf,Sakit Saraf
828,https://www.alodokter.com/sakit-tenggorokan,Sakit Tenggorokan
829,https://www.alodokter.com/sariawan,Sariawan
830,https://www.alodokter.com/sarkoidosis,Sarkoidosis
831,https://www.alodokter.com/sarkoma-jaringan-lunak,Sarkoma Jaringan Lunak
832,https://www.alodokter.com/sars,SARS
833,https://www.alodokter.com/penyakit-a-z/selulitis,Selulitis
834,https://www.alodokter.com/selulitis-orbita,Selulitis Orbita
835,https://www.alodokter.com/sengatan-lebah,Sengatan Lebah
836,https://www.alodokter.com/sepsis,Sepsis
837,https://www.alodokter.com/septic-arthritis,Septic Arthritis
838,https://www.alodokter.com/serangan-jantung,Serangan Jantung
839,https://www.alodokter.com/serangan-panik,Serangan Panik
840,https://www.alodokter.com/servisitis,Servisitis
841,https://www.alodokter.com/sesak-napas,Sesak Napas
842,https://www.alodokter.com/batu-kelenjar-air-liur,Sialolithiasis (Batu Kelenjar Ludah)
843,https://www.alodokter.com/sids,SIDS
844,https://www.alodokter.com/sifilis,Sifilis
845,https://www.alodokter.com/sindaktili,Sindaktili
846,https://www.alodokter.com/sindrom-angelman,Sindrom Angelman
847,https://www.alodokter.com/sindrom-antifosfolipid,Sindrom Antifosfolipid
848,https://www.alodokter.com/sindrom-asherman,Sindrom Asherman
849,https://www.alodokter.com/sindrom-asperger,Sindrom Asperger
850,https://www.alodokter.com/sindrom-brugada,Sindrom Brugada
851,https://www.alodokter.com/sindrom-cauda-equina,Sindrom Cauda Equina
852,https://www.alodokter.com/sindrom-costello,Sindrom Costello
853,https://www.alodokter.com/sindrom-crigler-najjar,Sindrom Crigler-Najjar
854,https://www.alodokter.com/sindrom-cushing,Sindrom Cushing
855,https://www.alodokter.com/sindrom-dubin-johnson,Sindrom Dubin-Johnson
856,https://www.alodokter.com/sindrom-edward,Sindrom Edward
857,https://www.alodokter.com/sindrom-ehlers-danlos,Sindrom Ehlers-Danlos
858,https://www.alodokter.com/sindrom-eisenmenger,Sindrom Eisenmenger
859,https://www.alodokter.com/sindrom-fragile-x,Sindrom Fragile X
860,https://www.alodokter.com/sindrom-gilbert,Sindrom Gilbert
861,https://www.alodokter.com/sindrom-guillain-barr%c3%a9,Sindrom Guillain-BarrÃ©
862,https://www.alodokter.com/sindrom-heller,Sindrom Heller
863,https://www.alodokter.com/sindrom-hellp,Sindrom HELLP
864,https://www.alodokter.com/sindrom-hemolitik-uremik,Sindrom Hemolitik Uremik
865,https://www.alodokter.com/sindrom-horner,Sindrom Horner
866,https://www.alodokter.com/sindrom-insensitivitas-androgen,Sindrom Insensitivitas Androgen
867,https://www.alodokter.com/irritable-bowel-syndrome,Sindrom Iritasi Usus Besar
868,https://www.alodokter.com/sindrom-kalman,Sindrom Kallmann
869,https://www.alodokter.com/sindrom-klinefelter,Sindrom Klinefelter
870,https://www.alodokter.com/sindrom-kompartemen,Sindrom Kompartemen
871,https://www.alodokter.com/sindrom-kostmann,Sindrom Kostmann
872,https://www.alodokter.com/sindrom-mallory-weiss,Sindrom Mallory-Weiss
873,https://www.alodokter.com/sindrom-marfan,Sindrom Marfan
874,https://www.alodokter.com/sindrom-metabolik,Sindrom Metabolik
875,https://www.alodokter.com/sindrom-mielodisplasia,Sindrom Mielodisplasia
876,https://www.alodokter.com/sindrom-nefrotik,Sindrom Nefrotik
877,https://www.alodokter.com/penyakit-a-z/sindrom-noonan,Sindrom Noonan
878,https://www.alodokter.com/sindrom-piriformis,Sindrom Piriformis
879,https://www.alodokter.com/sindrom-prader-willi,Sindrom Prader-Willi
880,https://www.alodokter.com/sindrom-raynaud,Sindrom Raynaud
881,https://www.alodokter.com/sindrom-rett,Sindrom Rett
882,https://www.alodokter.com/sindrom-reye,Sindrom Reye
883,https://www.alodokter.com/sindrom-rotor,Sindrom Rotor
884,https://www.alodokter.com/sindrom-serotonin,Sindrom Serotonin
885,https://www.alodokter.com/sindrom-sheehan,Sindrom Sheehan
886,https://www.alodokter.com/sindrom-sj%c3%b6gren,Sindrom SjÃ¶gren
887,https://www.alodokter.com/sindrom-stevens-johnson,Sindrom Stevens-Johnson
888,https://www.alodokter.com/sindrom-tourette,Sindrom Tourette
889,https://www.alodokter.com/sindrom-treacher-collins,Sindrom Treacher Collins
890,https://www.alodokter.com/sindrom-turner,Sindrom Turner
891,https://www.alodokter.com/sindrom-wernicke-korsakoff,Sindrom Wernicke-Korsakoff
892,https://www.alodokter.com/sindrom-zollinger-ellison,Sindrom Zollinger-Ellison
893,https://www.alodokter.com/sinusitis,Sinusitis
894,https://www.alodokter.com/sirosis,Sirosis
895,https://www.alodokter.com/sistiserkosis,Sistiserkosis
896,https://www.alodokter.com/skiatika,Skiatika
897,https://www.alodokter.com/penyakit-a-z/skistosomiasis,Skistosomiasis
898,https://www.alodokter.com/skizofrenia,Skizofrenia
899,https://www.alodokter.com/skizofrenia-paranoid,Skizofrenia Paranoid
900,https://www.alodokter.com/scleroderma,Skleroderma
901,https://www.alodokter.com/skoliosis,Skoliosis
902,https://www.alodokter.com/skorbut,Skorbut
903,https://www.alodokter.com/sleep-apnea,Sleep Apnea
904,https://www.alodokter.com/solusio-plasenta,Solusio Plasenta
905,https://www.alodokter.com/spermatokel,Spermatokel
906,https://www.alodokter.com/spina-bifida,Spina Bifida
907,https://www.alodokter.com/splenomegali,Splenomegali
908,https://www.alodokter.com/spondilosis-servikal,Spondilosis Servikal
909,https://www.alodokter.com/spondylolisthesis,Spondylolisthesis
910,https://www.alodokter.com/ssss,Staphylococcal Scalded Skin Syndrome (SSSS)
911,https://www.alodokter.com/stenosis-pilorus,Stenosis Pilorus
912,https://www.alodokter.com/stenosis-spinal,Stenosis Spinal
913,https://www.alodokter.com/stres,Stres
914,https://www.alodokter.com/striktur-uretra,Striktur uretra
915,https://www.alodokter.com/stroke,Stroke
916,https://www.alodokter.com/stroke-hemoragik,Stroke Hemoragik
917,https://www.alodokter.com/strongiloidiasis,Strongyloidiasis
918,https://www.alodokter.com/suara-serak,Suara Serak
919,https://www.alodokter.com/syok,Syok
920,https://www.alodokter.com/syok-anafilaktik,Syok Anafilaktik
921,https://www.alodokter.com/syok-hipovolemik,Syok Hipovolemik
922,https://www.alodokter.com/syok-kardiogenik,Syok Kardiogenik
923,https://www.alodokter.com/syok-neurogenik,Syok Neurogenik
924,https://www.alodokter.com/syringomyelia,Syringomyelia
925,https://www.alodokter.com/taeniasis,Taeniasis
926,https://www.alodokter.com/tahi-lalat,Tahi Lalat
927,https://www.alodokter.com/takikardia,Takikardia
928,https://www.alodokter.com/takikardia-supraventrikular,Takikardia Supraventrikular
929,https://www.alodokter.com/tamponade-jantung,Tamponade Jantung
930,https://www.alodokter.com/tardive-dyskinesia,Tardive Dyskinesia
931,https://www.alodokter.com/tuberkulosis,TBC (Tuberkulosis)
932,https://www.alodokter.com/tbc-tulang-belakang,TBC Tulang Belakang
933,https://www.alodokter.com/telangiektasis,Telangiektasis
934,https://www.alodokter.com/tendinitis,Tendinitis
935,https://www.alodokter.com/tenggelam,Tenggelam
936,https://www.alodokter.com/tennis-elbow,Tennis Elbow
937,https://www.alodokter.com/tetanus,Tetanus
938,https://www.alodokter.com/tetralogy-of-fallot,Tetralogy of Fallot
939,https://www.alodokter.com/thalassemia,Thalasemia
940,https://www.alodokter.com/thrombotic-thrombocytopenic-purpura,Thrombotic Thrombocytopenic Purpura
941,https://www.alodokter.com/tifus,Tifus
942,https://www.alodokter.com/tinea-barbae,Tinea Barbae
943,https://www.alodokter.com/tinea-capitis,Tinea Capitis
944,https://www.alodokter.com/tinea-corporis,Tinea Corporis
945,https://www.alodokter.com/tinea-cruris,Tinea Cruris
946,https://www.alodokter.com/tinnitus,Tinnitus
947,https://www.alodokter.com/tipes,Tipes
948,https://www.alodokter.com/tiroiditis,Tiroiditis
949,https://www.alodokter.com/acute-thyroiditis,Tiroiditis Akut
950,https://www.alodokter.com/tirotoksikosis,Tirotoksikosis
951,https://www.alodokter.com/toksoplasmosis,Toksoplasmosis
952,https://www.alodokter.com/tongue-tie,Tongue-tie (Ankyloglossia)
953,https://www.alodokter.com/torsio-testis,Torsio Testis
954,https://www.alodokter.com/tortikolis,Tortikolis
955,https://www.alodokter.com/toxic-adenoma,Toxic Adenoma
956,https://www.alodokter.com/trakhoma,Trakoma
957,https://www.alodokter.com/tia-transient-ischaemic-attack,Transient Ischemic Attack (TIA)
958,https://www.alodokter.com/tremor,Tremor
959,https://www.alodokter.com/trigeminal-neuralgia,Trigeminal Neuralgia
960,https://www.alodokter.com/trigliserida,Trigliserida Tinggi
961,https://www.alodokter.com/trikomoniasis,Trikomoniasis
962,https://www.alodokter.com/trikotilomania,Trikotilomania
963,https://www.alodokter.com/trisomi-13,Trisomi 13
964,https://www.alodokter.com/trombofilia,Trombofilia
965,https://www.alodokter.com/tromboflebitis,Tromboflebitis
966,https://www.alodokter.com/trombosis-arteri,Trombosis Arteri
967,https://www.alodokter.com/trombositopenia,Trombositopenia
968,https://www.alodokter.com/trombositosis,Trombositosis
969,https://www.alodokter.com/tuberous-sclerosis,Tuberous Sclerosis
970,https://www.alodokter.com/tukak-lambung,Tukak Lambung
971,https://www.alodokter.com/tumor,Tumor
972,https://www.alodokter.com/tumor-askin,Tumor Askin
973,https://www.alodokter.com/tumor-jinak-parotis,Tumor Jinak Parotis
974,https://www.alodokter.com/tumor-otak,Tumor Otak
975,https://www.alodokter.com/tumor-wilms,Tumor Wilms
976,https://www.alodokter.com/turun-peranakan,Turun Peranakan
977,https://www.alodokter.com/twin-to-twin-transfusion-syndrome,Twin to Twin Transfusion Syndrome (TTTS)
978,https://www.alodokter.com/ulkus-dekubitus,Ulkus Dekubitus
979,https://www.alodokter.com/ulkus-duodenum,Ulkus Duodenum
980,https://www.alodokter.com/ulkus-kelamin,Ulkus Kelamin
981,https://www.alodokter.com/ulkus-kornea,Ulkus Kornea
982,https://www.alodokter.com/uretritis,Uretritis
983,https://www.alodokter.com/uveitis,Uveitis
984,https://www.alodokter.com/vaginismus,Vaginismus
985,https://www.alodokter.com/vaginitis,Vaginitis
986,https://www.alodokter.com/vaginosis-bakterialis,Vaginosis Bakterialis
987,https://www.alodokter.com/varikokel,Varikokel
988,https://www.alodokter.com/varises,Varises
989,https://www.alodokter.com/varises-esofagus,Varises Esofagus
990,https://www.alodokter.com/vaskulitis,Vaskulitis
991,https://www.alodokter.com/defek-septum-ventrikel,Ventricular Septal Defect
992,https://www.alodokter.com/fibrilasi-ventrikel,Ventrikel Fibrilasi
993,https://www.alodokter.com/ventricular-tachycardia,Ventrikel Takikardi
994,https://www.alodokter.com/vertigo,Vertigo
995,https://www.alodokter.com/virus-corona,Virus Corona
996,https://www.alodokter.com/virus-zika,Virus Zika
997,https://www.alodokter.com/vitiligo,Vitiligo
998,https://www.alodokter.com/vulvitis,Vulvitis
999,https://www.alodokter.com/vulvodynia,Vulvodynia
1000,https://www.alodokter.com/wasir-hemoroid,Wasir (Hemoroid)
1001,https://www.alodokter.com/sindrom-william,Williams Syndrome
1002,https://www.alodokter.com/penyakit-wilson,Wilson&#39;s Disease
1003,https://www.alodokter.com/xanthelasma,Xanthelasma
1004,https://www.alodokter.com/xerophthalmia,Xerophthalmia
1005,https://www.alodokter.com/xerosis,Xerosis
